"Selected States Comparison: US,AL,AK,AZ,AR,CA,CO,CT,DE,DC,FL,GA,HI,ID,IL,IN,IA,KS,KY,LA,ME,MD,MA,MI,MN,MS,MO,MT,NE,NV,NH,NJ,NM,NY,NC,ND,OH,OK,OR,PA,RI,SC,SD,TN,TX,UT,VT,VA,WA,WV,WI,WY",,,,,,,,,,,,,,,,,,,,,,,,,,,,,,,,,,,,,,,,,,,,,,,,,,,,,
https://www.eia.gov/state/compare/?sid=AL#?selected=US-AL-AK-AZ-AR-CA-CO-CT-DE-DC-FL-GA-HI-ID-IL-IN-IA-KS-KY-LA-ME-MD-MA-MI-MN-MS-MO-MT-NE-NV-NH-NJ-NM-NY-NC-ND-OH-OK-OR-PA-RI-SC-SD-TN-TX-UT-VT-VA-WA-WV-WI-WY,,,,,,,,,,,,,,,,,,,,,,,,,,,,,,,,,,,,,,,,,,,,,,,,,,,,,
Mon Oct 10 2022 18:06:11 GMT-0600 (Mountain Daylight Time),,,,,,,,,,,,,,,,,,,,,,,,,,,,,,,,,,,,,,,,,,,,,,,,,,,,,
Source: U.S. Energy Information Administration,,,,,,,,,,,,,,,,,,,,,,,,,,,,,,,,,,,,,,,,,,,,,,,,,,,,,
-- = No data reported.,,,,,,,,,,,,,,,,,,,,,,,,,,,,,,,,,,,,,,,,,,,,,,,,,,,,,
* = Number less than 0.5 rounded to zero.,,,,,,,,,,,,,,,,,,,,,,,,,,,,,,,,,,,,,,,,,,,,,,,,,,,,,
NA = Not available.,,,,,,,,,,,,,,,,,,,,,,,,,,,,,,,,,,,,,,,,,,,,,,,,,,,,,
NM = Not meaningful due to large relative standard error or excessive percentage change.,,,,,,,,,,,,,,,,,,,,,,,,,,,,,,,,,,,,,,,,,,,,,,,,,,,,,
W = Withheld to avoid disclosure of individual company data.,,,,,,,,,,,,,,,,,,,,,,,,,,,,,,,,,,,,,,,,,,,,,,,,,,,,,
Note: Small differences between source data and values displayed here may be due to independent rounding.,,,,,,,,,,,,,,,,,,,,,,,,,,,,,,,,,,,,,,,,,,,,,,,,,,,,,
,Period,US,AL,AK,AZ,AR,CA,CO,CT,DE,DC,FL,GA,HI,ID,IL,IN,IA,KS,KY,LA,ME,MD,MA,MI,MN,MS,MO,MT,NE,NV,NH,NJ,NM,NY,NC,ND,OH,OK,OR,PA,RI,SC,SD,TN,TX,UT,VT,VA,WA,WV,WI,WY
Energy Indicators,,,,,,,,,,,,,,,,,,,,,,,,,,,,,,,,,,,,,,,,,,,,,,,,,,,,,
Demography,,,,,,,,,,,,,,,,,,,,,,,,,,,,,,,,,,,,,,,,,,,,,,,,,,,,,
Population (million),2021,331.9,5,0.7,7.3,3,39.2,5.8,3.6,1,0.7,21.8,10.8,1.4,1.9,12.7,6.8,3.2,2.9,4.5,4.6,1.4,6.2,7,10.1,5.7,2.9,6.2,1.1,2,3.1,1.4,9.3,2.1,19.8,10.6,0.8,11.8,4,4.2,13,1.1,5.2,0.9,7,29.5,3.3,0.6,8.6,7.7,1.8,5.9,0.6
Civilian Labor Force (million),22-Jul,165.3,2.3,0.4,3.6,1.4,19.2,3.2,1.9,0.5,0.4,10.7,5.3,0.7,1,6.5,3.4,1.7,1.5,2.1,2.1,0.7,3.2,3.8,4.9,3.1,1.3,3.1,0.6,1.1,1.5,0.8,4.7,0.9,9.6,5.2,0.4,5.8,1.9,2.2,6.5,0.6,2.4,0.5,3.4,14.6,1.7,0.3,4.4,4,0.8,3.1,0.3
Economy,,,,,,,,,,,,,,,,,,,,,,,,,,,,,,,,,,,,,,,,,,,,,,,,,,,,,
Gross Domestic Product ($ billion),2021,22996.1,247.1,55,411.2,144.5,3356.6,421.9,296.5,80.7,152,1226.3,683.3,90.1,94.3,938.3,420.3,219.8,192.3,234.5,255.3,76.1,438.2,636.5,568.4,412,125.1,360,59.3,150.4,193,98.2,672.1,108.9,1853.9,655,63.4,736.4,206.8,266.9,839.4,65.9,270.1,61.2,418.3,1985.3,220.3,36.2,591.9,667.6,87.4,365.9,41.6
Gross Domestic Product for the Manufacturing Sector ($ million),2021,2563319,40062,W,34995,21322,413470,27750,32182,5487,W,64264,63865,1470,10334,120402,111637,37687,28922,40791,42997,7623,27663,61863,102190,56135,18355,43373,3273,17754,10236,9820,63623,4639,78223,111979,4633,117947,18912,36724,106323,5008,40651,5177,63787,231999,25533,3624,49149,57435,8176,69342,2699
Per Capita Personal Income ($),2021,63444,48608,67138,54301,51148,76386,69016,82082,59002,96873,60761,55289,60389,51379,67095,56153,56973,59324,50699,54435,57159,69266,82475,55551,65486,45438,55159,56672,62095,58233,72003,74805,49320,76415,55043,65544,56483,53156,60676,64054,61942,52074,64720,54873,59674,55392,59704,65408,71889,47817,58564,65627
Vehicle Miles Traveled (million miles),2020,2903622,67921,5306,65758,33919,299812,48642,29845,8345,3030,208076,115967,8785,17406,94121,76608,29751,27854,46536,48374,13086,50885,54127,86547,51619,39665,72797,12104,19432,25231,11956,66341,23756,102477,106342,8768,103115,42000,32298,87982,6864,53972,9743,76392,260582,30251,6007,76110,53658,16054,57600,9800
Land in Farms (million acres),2017,900.2,8.6,0.8,25.1,13.9,24.5,31.8,0.4,0.5,--,9.7,10,1.1,11.7,27,15,30.6,45.8,13,8,1.3,2,0.5,9.8,25.5,10.4,27.8,59.8,45,6.1,0.4,0.7,40.7,6.9,8.4,39.3,14,34.2,16,7.3,0.1,4.7,43.2,10.9,127,10.8,1.2,7.8,14.7,3.7,14.3,29
Climate,,,,,,,,,,,,,,,,,,,,,,,,,,,,,,,,,,,,,,,,,,,,,,,,,,,,,
Average Temperature (degrees Fahrenheit),2021,54.5,64.3,26.4,62.1,61.2,60.4,47.5,51.4,57.6,NA,72.3,64.5,NA,45.4,53.7,53.5,50,56.1,56.9,67.5,44.2,56.9,50.8,47.4,44.3,64.9,56.3,44,51,52.5,46.1,55.2,55.4,47.8,60.1,43.8,53.2,60.8,49.2,51.1,52.6,63.7,48,59,66.1,50.7,45,57,48.3,53.7,45.7,43.6
Precipitation (inches),2021,30.5,64.9,39.3,12.7,50.9,18.8,17,51.1,40.6,NA,56.1,57.1,NA,21,41.1,45.3,31.1,27.2,53.3,66.3,39.4,41.5,54.8,32.9,23.7,66.8,44,14.4,22.6,9.5,46,48,12.4,46.3,47.3,15.6,41.5,33.6,28.5,46.1,49.9,47.3,18.2,58.8,28.9,13.6,41.8,40.8,43.9,42.4,30,14.4
Domestic Crude Oil First Purchase ($/barrel),22-Jun,113.73,112.78,112.26,--,108.24,114.91,110.72,--,--,--,--,--,--,--,110.77,110.63,--,110.71,108.66,115.18,--,--,--,110.23,--,112.94,--,111.36,106.99,--,--,--,114.91,W,--,111.86,108.43,113.85,--,108.03,--,--,111.79,--,115.02,99.42,--,--,--,107.83,--,112.65
Natural Gas,,,,,,,,,,,,,,,,,,,,,,,,,,,,,,,,,,,,,,,,,,,,,,,,,,,,,
City Gate ($/thousand cu ft),22-Jun,10.12,9.44,8.73,8.38,11.83,10.07,9.25,14.24,11.67,NA,11,NA,41.71,4.41,NA,8.58,8.54,11.11,10.49,6.33,12.62,12.26,15.98,9.02,10.43,10.3,14.38,7.81,10.31,10.07,13.88,8.03,8.27,12.72,11.89,13.66,7.94,10.82,6.58,11.42,11.96,10.02,12.66,8.29,9.7,6.08,6.99,9.51,10.48,15.23,10.53,8.92
Residential ($/thousand cu ft),22-Jun,22.73,24.03,14.22,24.23,22.29,21.69,16.25,26.35,23.55,26.35,30.24,35.85,65.6,9.57,NA,NA,23.26,31.6,29.12,25.55,30.15,27.54,23.65,16.05,21.21,24.76,24.47,12.82,21.43,15.71,23.59,14.7,22.16,24.56,28.08,20.25,33.28,26.7,15.43,NA,21.43,29.2,16.65,NA,27.72,10.34,21.82,26.76,15.07,21.19,19.45,16.58
Coal,,,,,,,,,,,,,,,,,,,,,,,,,,,,,,,,,,,,,,,,,,,,,,,,,,,,,
Average Sales Price ($/short ton),2021,36.5,153.5,60.32,--,--,--,46.02,--,--,--,--,--,--,--,31.15,43.52,--,--,55.21,26.26,--,59.12,--,--,--,27.32,53,22.66,--,--,--,--,41.98,--,--,19,38.08,--,--,57.61,--,--,--,--,20.4,38.41,--,120.31,--,77.14,--,12.76
Delivered to Electric Power Sector ($/million Btu),22-Jun,2.32,2.63,3.98,2.83,W,--,1.83,--,--,--,3.01,3.42,W,--,W,W,1.87,1.91,2.21,W,W,W,--,W,2.32,W,2.03,W,1.32,W,--,W,2.37,--,3.23,1.7,1.75,2.98,--,W,--,W,2.13,2.19,W,2.17,--,2.91,W,W,2.49,W
Electricity,,,,,,,,,,,,,,,,,,,,,,,,,,,,,,,,,,,,,,,,,,,,,,,,,,,,,
Residential (cents/kWh),22-Jun,15.42,14.79,24.01,13.21,12.56,28.98,14.42,25.43,13.37,13.74,13.9,15.27,44.09,11.38,16.79,14.81,14.98,14.52,13.13,12.79,24.22,14.67,25.2,18.11,15,12.64,14.07,11.61,11.6,13.18,22.72,17.27,14.14,22.38,11.83,13.11,14.33,13.16,11.79,16.51,23.63,14.21,13.31,12.35,13.3,11.24,20.47,13.53,10.49,13.76,16.15,11.75
Commercial (cents/kWh),22-Jun,12.9,13.74,20.13,11.37,10.71,22.5,12.55,19.07,10.49,15.5,11.09,14.49,41.2,9,12.37,12.78,12.24,12.19,12.29,11.55,16.65,12.75,18.08,12.59,13.1,11.91,11.14,10.49,9.29,9.28,17.35,14.7,11.51,19.44,8.75,10.12,10.97,11.21,9.26,11.05,15.83,11.65,10.86,12.16,9.75,8.86,17.28,9.46,9.5,10.42,12.45,10.32
Industrial (cents/kWh),22-Jun,8.96,8.59,19.74,7.91,7.98,17.82,8.79,15,8.77,7.08,9.36,12.97,37.09,7.97,9.32,9.37,8.97,8.64,8.64,7.53,12.39,10.5,18,8.78,10.17,7.04,9.29,5.43,7.77,9.02,14.5,12.99,6.48,7.65,6.92,6.89,8.15,7.61,6.11,8.53,17.41,7.68,8.38,7.1,7.52,6.72,12.29,7.96,5.59,7.18,9.3,6.75
Reserves,,,,,,,,,,,,,,,,,,,,,,,,,,,,,,,,,,,,,,,,,,,,,,,,,,,,,
Reserves,,,,,,,,,,,,,,,,,,,,,,,,,,,,,,,,,,,,,,,,,,,,,,,,,,,,,
Crude Oil (as of Dec. 31) (million barrels),2020,35835,34,2423,--,29,1496,1061,--,--,--,--,--,--,--,--,--,--,277,4,317,--,--,--,39,--,90,--,256,12,--,--,--,3365,--,--,3669,74,1483,--,11,--,--,--,--,15612,378,--,--,--,8,--,703
Expected Future Production of Dry Natural Gas (as of Dec. 31) (billion cu ft),2020,445299,1493,36176,--,4981,1065,18653,--,--,--,--,--,--,--,--,--,--,1989,1158,37397,--,--,--,881,--,167,--,555,--,--,--,--,23698,115,--,7133,27514,27227,--,96463,--,--,--,--,102370,2296,--,1950,--,35247,--,12484
Expected Future Production of Natural Gas Plant Liquids (million barrels),2020,20695,31,229,--,2,43,1362,--,--,--,--,--,--,--,--,--,--,130,72,167,--,--,--,8,--,0,--,11,--,--,--,--,1720,--,--,1030,--,2014,--,916,--,--,--,--,9467,63,--,--,--,2259,--,466
Recoverable Coal at Producing Mines (million short tons),2020,13201,190,47,--,--,--,193,--,--,--,--,--,--,--,1883,411,--,--,468,13,--,7,--,--,--,108,*,707,--,--,--,--,65,--,--,922,54,--,--,975,--,--,--,9,316,180,--,178,--,1567,--,4907
Rotary Rigs & Wells,,,,,,,,,,,,,,,,,,,,,,,,,,,,,,,,,,,,,,,,,,,,,,,,,,,,,
Natural Gas Producing Wells (wells),2020,483326,5387,827,NA,9043,3583,31939,--,--,--,--,--,--,--,NA,NA,--,17362,12711,14867,--,NA,--,1308,--,1257,3,5043,131,0,--,--,32529,6372,--,1548,27225,40360,10,68929,--,--,91,NA,118957,7756,--,7974,--,47934,--,19641
Capacity,,,,,,,,,,,,,,,,,,,,,,,,,,,,,,,,,,,,,,,,,,,,,,,,,,,,,
Crude Oil Refinery Capacity (as of Jan. 1) (barrels/calendar day),2020,18976085,139600,164200,0,90500,1909171,103000,--,182200,--,0,0,147500,--,1026865,463800,--,403800,291000,3366666,--,0,--,140000,438000,393940,0,223000,0,2000,--,418500,137000,0,0,90000,601800,522800,0,601000,--,--,--,180000,5855529,203714,--,0,651700,22300,38000,168500
Electric Power Industry Net Summer Capacity (MW),22-Jun,1152121,28911,2821,27718,14978,83029,18464,10145,3273,49,66457,37636,3013,5081,45746,26863,22228,18414,17583,24854,5069,11805,12809,30818,18311,14605,21986,6070,10553,13259,4463,17179,10713,39481,35183,9398,27338,31122,17201,48953,2147,24197,6335,21551,142884,9518,834,28857,30635,15022,16472,10092
Supply & Distribution,,,,,,,,,,,,,,,,,,,,,,,,,,,,,,,,,,,,,,,,,,,,,,,,,,,,,
Production,,,,,,,,,,,,,,,,,,,,,,,,,,,,,,,,,,,,,,,,,,,,,,,,,,,,,
Total Energy (trillion Btu),2020,95711,1206,1349,482,782,2190,3775,201,4,2,575,656,28,152,2160,710,930,760,756,3838,133,232,74,635,505,268,225,757,417,116,149,331,4674,839,723,4275,3187,4546,454,9492,11,732,268,591,23329,789,37,822,970,5020,303,5884
Crude Oil (thousand barrels per day),22-Jun,11816,11,419,0,12,338,429,--,--,--,4,--,--,0,20,6,--,81,4,103,--,--,--,12,--,35,0,63,4,1,--,--,1531,1,--,1089,57,417,--,14,--,--,3,0,4959,121,--,0,--,41,--,243
Natural Gas - Marketed (million cu ft),2020,36202446,117028,338329,66,480982,170579,1990462,--,--,--,698,--,--,--,1843,4197,--,163356,71018,3206163,--,10,--,64911,--,28134,1,37963,351,12,--,--,1948168,9692,--,882443,2378902,2786366,320,7148295,--,--,407,2770,9336110,241989,--,102824,--,2592319,--,1306368
Coal (thousand short tons),2020,535434,12151,1021,--,--,--,10056,--,--,--,--,--,--,--,31578,19942,--,--,24245,677,--,1154,--,--,--,2587,159,26422,--,--,--,--,10249,--,--,26438,3587,1,--,36305,--,--,--,92,19682,13163,--,9685,--,67228,--,218556
Total Utility-Scale Net Electricity Generation,,,,,,,,,,,,,,,,,,,,,,,,,,,,,,,,,,,,,,,,,,,,,,,,,,,,,
Total Net Electricity Generation (thousand MWh),22-Jun,379680,13683,503,9767,5790,17892,5109,3793,441,15,24072,12776,769,1600,16179,8137,5423,5823,6429,9465,918,3394,1667,10105,4806,6938,6827,2248,3773,3879,1623,5912,3749,10752,12276,3596,11748,8341,4969,18860,710,9346,1692,6981,50672,3171,158,8686,11183,4592,5323,3120
Utility-Scale Net Electricity Generation (share of total),,,,,,,,,,,,,,,,,,,,,,,,,,,,,,,,,,,,,,,,,,,,,,,,,,,,,
Petroleum-Fired (%),22-Jun,0.2,*,15.7,*,0.1,*,NM,0.5,NM,NM,0.1,0.2,63.2,0,*,0.1,0.2,NM,0.1,NM,0.2,0.5,NM,0.1,0.1,NM,0.1,NM,NM,*,NM,0.1,*,0.3,0.1,0.1,0.1,*,NM,*,NM,0.1,NM,0.2,*,0.1,NM,0.3,NM,0.4,*,0.2
Natural Gas-Fired (%),22-Jun,40.9,47.5,29.7,40.9,42.6,39.7,25.8,58.6,87.9,NM,76.1,49.3,--,12.8,16.1,33.3,11.6,7.2,27.3,74.1,32.7,43.9,73.6,34.9,15,72.8,12.9,NM,2.6,53.7,33,55.7,22.4,50.3,42.5,NM,50.7,44.2,9.7,58,88,27.5,NM,26.4,50.7,25.6,*,56,3.8,4.9,41.1,4.3
Coal-Fired (%),22-Jun,19.3,15.5,NM,14.8,26.5,0.1,36.4,0,4.4,--,5.6,16,12.6,NM,22,55.6,30.8,37.2,66,9.1,0.2,11.1,0,29.5,28.8,10.3,64,33.1,55.6,6.7,0,0.1,38.7,0,10.9,59.3,32.3,14.5,--,5.8,0,14.4,13.3,26.8,16.2,53.7,--,4.4,*,89.7,30.6,69.7
Nuclear (%),22-Jun,17.3,28.5,--,29.3,22.8,8.8,--,36.5,--,--,11,23.1,--,--,51.8,--,--,14.9,--,8.7,--,37.3,--,22.7,25.4,14.5,12.5,--,14.6,--,55.3,39.6,--,21.8,30.4,--,12.9,--,--,32.9,--,51.4,--,31.7,7.1,--,--,29.5,5.8,--,16.3,--
Renewables (%),22-Jun,21.8,8.4,43,14.7,7.8,50.9,37.5,3.3,3,56.2,6,11.8,19.5,86.7,9.8,9.1,57.5,40.6,6.5,3.1,64.5,6.5,23.4,10.9,30.1,2.4,9.4,63.6,27.2,39.6,11.3,4,38.2,27.2,15.9,38.1,3.2,41.4,90.3,3,12,7.3,81.4,15.6,25.4,20.4,99.8,11.5,90.1,4.9,11.6,24.6
Stocks,,,,,,,,,,,,,,,,,,,,,,,,,,,,,,,,,,,,,,,,,,,,,,,,,,,,,
Motor Gasoline (Excludes Pipelines) (thousand barrels),22-Jun,11751,61,288,63,121,404,173,--,--,--,379,73,370,51,33,84,44,265,40,975,--,--,4,13,256,1231,146,302,46,171,--,--,22,1,68,54,540,204,67,--,--,95,15,29,3962,99,--,8,539,41,54,360
Distillate Fuel Oil (Excludes Pipelines) (thousand barrels),22-Jun,83406,816,869,589,645,6629,554,938,626,--,2081,1568,552,243,3360,2335,1336,1910,690,7383,425,762,705,1272,837,1499,667,934,387,349,293,3893,278,1397,873,550,1700,1649,783,2629,384,788,369,1076,19947,594,5,1799,2168,177,496,597
Natural Gas in Underground Storage (million cu ft),22-Jun,6766817,21383,39302,--,15210,488292,97548,--,--,--,--,--,--,--,818493,94384,222938,231863,182110,542240,--,53828,--,731815,5695,201645,12122,196401,29016,--,--,--,47514,168757,--,--,420054,287824,28190,543871,--,--,--,1976,639234,105515,--,6883,41481,384629,--,106603
Petroleum Stocks at Electric Power Producers (thousand barrels),22-Jun,21619,216,8,110,160,171,124,637,306,--,3409,1048,1273,*,39,555,96,160,253,203,238,642,658,203,89,6,290,14,98,2,208,640,8,2240,1009,26,333,17,59,1402,149,542,49,508,665,43,17,1711,91,130,735,31
Coal Stocks at Electric Power Producers (thousand tons),22-Jun,87251,1932,0,W,3080,0,2946,0,W,--,873,2180,W,--,3355,5290,4275,3540,3734,1824,0,537,--,2311,2987,W,5382,W,2745,W,W,W,W,0,2936,W,2318,1920,--,W,0,W,W,W,7627,3814,--,W,W,W,1976,4778
Fueling Stations,,,,,,,,,,,,,,,,,,,,,,,,,,,,,,,,,,,,,,,,,,,,,,,,,,,,,
Motor Gasoline (stations),2019,112630,3217,186,1612,1494,7572,1552,1069,246,91,6322,5027,246,662,3804,2790,1729,1065,2034,2408,746,1469,1982,3586,2117,1996,2625,492,984,773,550,2372,841,4959,4509,449,3907,1856,971,3962,306,2633,609,3507,11388,769,388,3070,1880,933,2553,322
Propane (stations),2022,2497,65,2,61,36,222,43,19,8,0,119,75,1,24,85,44,36,34,19,37,6,25,30,71,48,74,63,28,27,22,12,13,54,37,53,20,66,103,41,54,5,44,21,47,352,36,1,62,76,10,46,20
Electricity (stations),2022,46522,199,49,846,148,13819,1512,464,124,246,2411,1518,361,103,950,311,263,460,210,139,286,1134,2098,771,550,94,1002,75,174,434,146,651,175,2766,1003,58,904,283,903,1066,238,338,53,596,2189,883,319,1000,1598,91,451,60
E85 (stations),2022,4125,21,0,18,69,253,93,3,1,1,107,55,0,3,285,242,334,61,73,16,0,27,5,239,442,3,131,0,120,11,0,3,13,69,89,47,206,86,4,151,0,41,82,92,264,1,0,52,3,35,265,9
Compressed Natural Gas and Other Alternative Fuels (stations),2022,1298,10,1,16,26,246,20,7,1,0,30,26,8,2,44,28,29,19,7,14,1,10,10,18,170,4,10,0,10,2,3,18,9,34,28,1,39,97,42,49,1,8,0,17,91,29,3,7,8,1,38,6
Consumption & Expenditures,,,,,,,,,,,,,,,,,,,,,,,,,,,,,,,,,,,,,,,,,,,,,,,,,,,,,
Summary,,,,,,,,,,,,,,,,,,,,,,,,,,,,,,,,,,,,,,,,,,,,,,,,,,,,,
Total Consumption (trillion Btu),2020,92862,1839,640,1508,1035,6923,1451,667,277,144,4003,2728,233,550,3613,2564,1526,1070,1595,4200,365,1213,1278,2611,1731,1037,1702,429,864,710,296,1894,700,3354,2471,626,3404,1579,983,3413,176,1533,397,2039,13481,829,126,2273,1779,804,1708,504
Total Consumption per Capita (million Btu),2020,280,366,874,210,344,175,251,185,279,208,186,254,160,298,283,378,479,364,354,903,268,197,182,259,303,351,277,395,440,228,215,204,330,166,236,804,289,399,232,263,160,299,447,295,461,253,196,263,231,449,290,874
Total Expenditures ($ million),2020,1007433,18570,4709,20340,10368,114485,15449,11540,3153,1763,51441,31018,4696,5949,34115,24287,12694,10263,15508,24234,4885,15952,20902,29070,17647,10581,18888,4402,7637,8778,4621,24827,6791,47968,28737,4848,34994,13106,12066,37545,3140,16657,3714,21401,108196,8709,2325,25577,19932,6729,18496,3869
Total Expenditures per Capita ($),2020,3039,3696,6429,2834,3442,2898,2671,3205,3179,2555,2385,2892,3234,3220,2668,3579,3981,3496,3443,5210,3586,2584,2977,2888,3092,3578,3069,4052,3894,2819,3354,2675,3207,2380,2748,6223,2968,3308,2845,2890,2865,3247,4187,3093,3703,2654,3619,2963,2582,3759,3139,6703
by End-Use Sector,,,,,,,,,,,,,,,,,,,,,,,,,,,,,,,,,,,,,,,,,,,,,,,,,,,,,
Consumption,,,,,,,,,,,,,,,,,,,,,,,,,,,,,,,,,,,,,,,,,,,,,,,,,,,,,
Residential (trillion Btu),2020,20521,332,54,442,216,1508,377,230,63,37,1216,689,37,134,940,515,233,218,331,301,103,381,412,770,411,180,507,100,160,184,101,559,126,1076,671,66,849,282,249,850,58,359,70,500,1744,192,44,550,465,151,428,52
Commercial (trillion Btu),2020,16733,236,58,334,170,1358,281,170,56,85,908,498,39,90,740,337,181,203,234,234,64,358,369,571,339,139,379,82,137,145,65,521,116,1013,537,85,633,223,185,525,45,254,62,412,1631,169,25,610,331,102,338,53
Industrial (trillion Btu),2020,31260,773,363,224,377,1701,415,71,85,5,462,717,47,169,1131,1187,834,390,565,3059,100,87,138,620,577,386,305,130,376,155,40,238,239,356,527,347,1107,648,270,1254,22,487,168,513,7266,215,18,420,479,381,538,292
Transportation (trillion Btu),2020,24349,498,165,508,271,2355,378,196,73,17,1417,824,109,158,803,526,278,258,465,606,98,387,360,650,405,332,511,116,191,226,89,576,218,909,736,128,815,426,279,784,50,433,97,615,2840,253,39,693,505,170,404,107
Expenditures,,,,,,,,,,,,,,,,,,,,,,,,,,,,,,,,,,,,,,,,,,,,,,,,,,,,,
Residential ($ million),2020,261258,4518,860,5432,2342,26556,3782,4618,855,445,15613,9073,904,1241,9583,5644,2631,2463,3483,3380,1579,4976,7589,9090,4579,2362,5232,955,1523,2169,1672,7437,1338,17226,8035,686,9598,3041,2854,11641,1193,4465,762,5147,21054,1755,856,7062,4946,1666,4841,506
Commercial ($ million),2020,173893,2886,825,3459,1451,22760,2655,2549,575,979,9548,5179,912,711,5985,3226,1629,1937,2299,2354,813,3600,5218,5590,3095,1628,3153,724,1055,1227,890,5875,1053,12862,4864,747,5506,1907,1866,4915,746,2534,551,4138,12865,1330,442,5013,3277,901,3146,443
Industrial ($ million),2020,166828,3629,575,1875,2265,14148,2433,808,431,53,3430,3745,886,1054,5477,6634,3832,1810,2732,11928,659,838,1814,3958,3281,1735,2157,561,1810,1193,448,1816,927,2812,3478,1627,6565,2026,1667,6927,306,2581,792,2608,34347,1151,288,2411,2193,1620,3405,1221
Transportation ($ million),2020,405453,7537,2449,9574,4311,51020,6579,3565,1292,286,22851,13021,1993,2942,13070,8784,4602,4054,6994,6572,1833,6537,6281,10433,6692,4856,8346,2162,3250,4189,1611,9699,3472,15068,12362,1788,13325,6133,5679,14061,896,7077,1609,9507,39930,4473,739,11091,9515,2541,7104,1699
by Source,,,,,,,,,,,,,,,,,,,,,,,,,,,,,,,,,,,,,,,,,,,,,,,,,,,,,
Consumption,,,,,,,,,,,,,,,,,,,,,,,,,,,,,,,,,,,,,,,,,,,,,,,,,,,,,
Petroleum (million barrels),2020,6656,105,39,108,62,524,87,52,20,3,296,175,34,35,211,127,86,64,110,411,31,80,89,153,109,72,116,33,45,48,28,134,46,210,163,31,193,91,59,188,13,93,24,129,1432,55,14,147,119,36,100,26
Natural Gas (billion cu ft),2020,30476,691,379,500,330,2075,518,289,90,27,1578,758,2,126,1126,831,403,292,328,1885,45,285,389,948,469,593,297,82,181,299,52,653,284,1264,540,146,1155,811,268,1718,98,333,85,387,4609,256,13,713,327,244,548,157
Coal (million short tons),2020,477,13,1,9,9,1,12,*,*,0,8,8,1,*,21,29,10,11,21,3,*,2,0,17,9,4,31,6,12,1,*,*,8,*,9,26,22,4,1,18,0,6,1,8,56,11,0,3,4,22,14,22
Expenditures,,,,,,,,,,,,,,,,,,,,,,,,,,,,,,,,,,,,,,,,,,,,,,,,,,,,,
Petroleum ($ million),2020,504521,8528,3111,10901,5084,56453,7917,4981,1507,303,25161,14561,2791,3437,15615,10421,6343,4976,8113,14587,2886,7593,8349,12504,8662,5470,9663,2638,3975,4779,2511,11413,4036,18767,14317,2658,16118,7074,6401,17894,1286,7942,2068,10628,66034,5029,1310,12676,10805,3317,8782,2154
Natural Gas ($ million),2020,134780,2430,594,1818,1696,15128,2181,1739,581,295,6198,3876,70,541,6095,4143,1811,1332,1482,4048,358,2140,3794,5133,2430,1738,2008,439,877,1346,375,4073,577,9116,3021,273,5789,2080,1273,6912,661,1480,380,1823,10636,1237,96,3029,2027,527,2649,427
Coal ($ million),2020,19550,605,125,342,309,99,371,*,5,0,459,419,46,6,740,1747,294,303,929,236,6,118,0,768,326,143,870,225,267,70,5,34,355,18,583,561,1251,125,40,903,0,433,42,381,1792,500,0,235,135,1140,513,677
Consumption for Electricity Generation,,,,,,,,,,,,,,,,,,,,,,,,,,,,,,,,,,,,,,,,,,,,,,,,,,,,,
Petroleum (thousand barrels),22-Jun,1608,9,143,5,8,18,NM,32,NM,NM,54,35,821,0,7,16,18,NM,15,NM,3,36,NM,20,5,NM,18,NM,NM,1,1,6,3,57,18,4,26,7,NM,25,NM,23,NM,28,7,4,NM,54,1,36,4,11
Natural Gas (million cu ft),22-Jun,1168371,48024,NM,30430,18439,51666,10556,15497,2924,NM,134516,46493,--,NM,24135,20673,5190,3666,16126,51260,2098,11025,9125,26646,6432,37359,7430,NM,NM,15928,3767,23273,6913,41369,44148,NM,40506,29611,NM,76177,4888,20606,NM,14020,191069,6168,1,35810,NM,2258,16914,1276
Coal (thousand short tons),22-Jun,41589,1211,44,862,947,4,1060,0,13,--,654,1060,55,NM,2170,2419,934,1379,2009,544,1,169,0,1630,787,571,2600,486,1241,150,0,3,817,0,542,1744,1568,812,--,714,0,560,140,998,5600,804,--,203,1,1758,949,1374
Energy Source Used for Home Heating (share of households),,,,,,,,,,,,,,,,,,,,,,,,,,,,,,,,,,,,,,,,,,,,,,,,,,,,,
Natural Gas (%),2019,47.8,26.5,48.6,32.9,38.7,64.4,68.4,36.3,42.4,51,4.7,38.6,2.1,50.9,77.1,59.8,60.6,64.3,36.9,33.3,7.8,43.9,52.3,76.4,66.2,28.9,49.9,51.5,59.2,58.1,21.3,75.3,61.8,60.7,24.4,40,65,51,36.9,51.5,55.3,23.5,46.4,31.3,35,80.8,18.6,32.6,34.2,39.9,65.8,59.2
Fuel Oil (%),2019,4.4,0.1,30.8,0.1,0.1,0.2,0.1,38.9,10.2,1,0.1,0.1,0.1,1.5,0.1,0.6,0.4,0.2,0.7,*,60.1,7.9,24.4,1,1.5,0.1,0.2,0.9,0.4,0.5,42.1,7.4,0.2,18.7,2.6,2,2,0.2,1.6,15.5,28.6,0.6,1.5,0.3,0.1,0.1,41.4,4.1,1.6,2.7,1.7,0.1
Electricity (%),2019,39.5,66.4,12.1,60.5,50.6,26.6,23.6,17.3,35.1,44.2,92.1,55.6,33.7,34.4,17,29.7,23.7,25.5,52.7,64,8.4,42.2,16.9,10.2,17.3,58,37.1,26.2,30.6,36.1,9.9,13.6,22.6,12.2,64.3,41.3,24.7,39.5,52.4,23.9,10.3,70.9,32.5,62.5,61.1,14.8,6.4,56.2,56.3,45,16.1,22.8
Propane (%),2019,4.8,5.6,1.9,2.8,6.7,3.2,4.8,4.9,10.1,1.1,0.8,4.5,1.5,5.2,4.2,7.1,12.9,8,6.2,1.8,12.1,3.5,3.7,8.4,11.2,11.4,9,13.5,7.4,2.6,17.4,2.2,6.2,4.3,6.6,13.9,5.4,6.7,1.8,4.6,3.6,3.4,16.3,3.7,2.8,2.3,18.4,4.2,3,5.3,12,12.1
Other/None (%),2019,3.5,1.4,6.5,3.7,4,5.6,3.1,2.7,2.2,2.7,2.3,1.2,62.6,8,1.5,2.8,2.4,2,3.5,0.9,11.6,2.5,2.7,4,3.7,1.6,3.7,7.9,2.4,2.7,9.3,1.5,9.2,4.1,2.1,2.8,2.9,2.6,7.3,4.6,2.3,1.5,3.3,2.1,0.9,2,15.3,2.8,4.9,7.1,4.4,5.9
Environment,,,,,,,,,,,,,,,,,,,,,,,,,,,,,,,,,,,,,,,,,,,,,,,,,,,,,
Renewable Energy Capacity,,,,,,,,,,,,,,,,,,,,,,,,,,,,,,,,,,,,,,,,,,,,,,,,,,,,,
Total Renewable Energy Electricity Net Summer Capacity (MW),22-Jun,298328,4332,542,6251,1817,35786,6927,567,54,29,6831,6271,751,3938,7798,4210,12540,8286,1239,689,2542,1325,1876,4477,6350,440,2867,3958,3581,5230,944,1252,5348,8189,8543,4847,1813,12674,13411,2994,364,3002,4372,3175,47154,2189,697,4162,25093,1200,1995,3406
Ethanol Plant Nameplate Capacity (million gal/year),2022,17380,--,--,0,--,188,140,--,--,--,--,0,--,60,1743,1315,4694,601,53,--,--,--,--,387,1424,--,331,--,2244,--,--,--,--,62,57,547,722,--,40,128,--,--,1444,236,380,--,--,0,--,--,587,--
Renewable Energy Production,,,,,,,,,,,,,,,,,,,,,,,,,,,,,,,,,,,,,,,,,,,,,,,,,,,,,
Utility-Scale Hydroelectric Net Electricity Generation (thousand MWh),22-Jun,26977,768,204,484,291,1765,220,17,--,--,NM,257,NM,1092,10,NM,122,4,382,88,207,83,52,178,105,--,131,1186,153,193,60,0,NM,2217,531,268,21,177,3508,151,*,222,668,944,55,98,68,130,9277,105,286,125
"Utility-Scale Solar, Wind, and Geothermal Net Electricity Generation (thousand MWh)",22-Jun,50946,105,9,932,83,6864,1681,49,7,3,1094,767,110,257,1543,701,2976,2357,5,18,224,114,245,716,1219,51,501,240,865,1339,31,179,1429,539,1244,1102,312,3252,892,281,65,264,708,84,12671,543,58,539,674,122,220,644
Utility-Scale Biomass Net Electricity Generation (thousand MWh),22-Jun,4717,275,3,18,77,476,15,59,6,5,343,489,26,39,33,36,17,5,32,186,161,24,93,210,122,117,13,3,7,5,92,58,NM,165,180,NM,44,27,84,139,20,199,NM,57,153,6,31,331,120,NM,111,--
Small-Scale Solar Photovoltaic Generation (thousand MWh),22-Jun,6072,NM,2,360,23,2385,136,110,17,17,230,NM,121,19,136,30,33,8,10,27,34,133,287,28,27,2,60,6,4,131,25,326,54,370,58,*,36,8,48,86,54,49,*,9,314,78,23,38,45,3,24,2
Fuel Ethanol Production (thousand barrels),2020,331928,0,0,0,0,2710,3212,0,0,0,0,1169,0,365,33807,23148,92137,12721,928,0,0,0,0,7381,27284,0,6098,0,42863,0,0,0,0,1753,0,12280,12725,0,790,2289,0,0,27664,4033,5549,0,0,32,0,0,10990,0
Renewable Energy Consumption,,,,,,,,,,,,,,,,,,,,,,,,,,,,,,,,,,,,,,,,,,,,,,,,,,,,,
Renewable Energy Consumption as a Share of State Total (%),2020,12.3,16.8,4,11.8,11.4,16.5,13.4,7,2.8,2.1,7.9,12,13.5,28.7,8.2,7.1,36.5,24.4,6.3,3.4,38,5.5,7.4,9,16.5,6.6,6.9,33.2,23.5,17.7,17.3,4.3,15.2,14,11.9,28.3,4.4,21.4,47.8,6.4,7.9,11.3,43.1,10.4,8.5,7.5,31.7,7.5,49.7,6,10.7,13.6
Fuel Ethanol Consumption (thousand barrels),2020,301925,6201,0,6747,3098,30752,5178,3138,1148,246,19164,10751,913,1950,9481,6689,3768,2848,4783,4273,1448,5364,5534,9476,6795,3527,6816,1275,1911,2663,1535,7817,2285,11610,10107,983,10377,4050,3489,9977,807,5921,1131,7420,31926,2909,594,8868,5849,1665,5892,779
Total Emissions,,,,,,,,,,,,,,,,,,,,,,,,,,,,,,,,,,,,,,,,,,,,,,,,,,,,,
Carbon Dioxide (million metric tons),2019,5158.8,106.3,34.3,92.5,65.1,358.2,91.7,36.6,13.6,2.8,233.6,136.5,20.5,20.1,203.4,176.1,77.3,60.5,115.4,194.9,14.4,56.9,63.3,159.2,92.1,62.5,117,32.3,50.5,41.7,13.9,100.8,48.9,169,122.6,57.2,196.7,90.8,41.8,218.7,10.4,69.4,16,92.2,683.2,61.5,6,106.8,84.2,85.4,94.8,59.1
Electric Power Industry Emissions,,,,,,,,,,,,,,,,,,,,,,,,,,,,,,,,,,,,,,,,,,,,,,,,,,,,,
Carbon Dioxide (thousand metric tons),2020,1552960,44803,3459,35714,23469,43444,29071,10186,2667,108,96717,39865,6418,2221,47512,64775,21135,20346,49750,44417,1824,10219,7958,53183,20957,26744,54133,10416,20950,13481,1728,14902,18656,26772,38462,27415,67225,25817,9371,72284,3357,23081,2362,22782,202445,26297,8,31807,11999,49518,33174,37556
Sulfur Dioxide (thousand metric tons),2020,1023,26,2,8,29,1,8,*,*,0,35,42,16,4,56,35,17,4,37,25,6,3,2,41,13,11,84,7,37,2,*,3,3,7,30,32,84,7,6,35,*,19,1,19,127,7,*,11,13,30,14,25
Nitrogen Oxide (thousand metric tons),2020,1211,21,20,25,16,66,17,6,1,1,48,32,15,4,25,55,17,13,28,54,5,5,7,58,18,16,48,9,18,10,1,9,13,26,38,28,50,18,15,38,3,11,1,10,144,28,1,21,13,28,21,31